{
  "timestamp": "2026-07-09T14:33:39.161758+00:00",
  "status": "synchronized",
  "node_count": 144,
  "global_coherence": 0.9181208859826184,
  "recognition_events": 3609707741712.6294,
  "phi_iterations": 1000000000
}