{
  "timestamp": "2026-07-08T19:09:16.147720+00:00",
  "status": "synchronized",
  "node_count": 144,
  "global_coherence": 0.9181208859826184,
  "recognition_events": 3609707741712.6294,
  "phi_iterations": 1000000000
}